page,error
_posts/global/global.Rmd,"list(message = ""Extra content at the end of the document [5]"", call = read_xml.character(rss_path))"
_posts/national/belgium/belgium.Rmd,"list(message = ""Extra content at the end of the document [5]"", call = read_xml.character(rss_path))"
_posts/national/brazil/brazil.Rmd,"list(message = ""Extra content at the end of the document [5]"", call = read_xml.character(rss_path))"
_posts/national/canada/canada.Rmd,"list(message = ""Problem with `summarise()` input `..1`.\nℹ `..1 = complete(data = dplyr::cur_data(), ..., fill = fill, explicit = explicit)`.\n✖ object 'level_1_region' not found\nℹ The error occurred in group 1: level_1_region = \""Alberta\"", level_1_region_code = \""CA-AB\""."", trace = list(call = list(covidregionaldata::get_regional_data(country = ""Canada"") %>% dplyr::select(sovereignt = province, iso_3166_2) %>% unique(), unique(.), dplyr::select(., sovereignt = province, iso_3166_2), covidregionaldata::get_regional_data(country = ""Canada""), 
    initialise_dataclass(class = country, level = level, regions = regions, totals = totals, localise = localise, verbose = verbose, steps = steps, get = TRUE, type = ""regional"", ...), regionClass$new(level = level, totals = totals, localise = localise, verbose = verbose, steps = steps, regions = regions, get = get, ...), initialize(...), self$get(), self$process(), process_internal(clean_data = self$data$filtered, level = glue_level(self$level), group_vars = region_vars, totals = self$totals, localise = self$localise, 
        verbose = self$verbose, process_fns = self$process_fns), dat %>% drop_na(.data$date) %>% fill_empty_dates_with_na() %>% complete_cumulative_columns() %>% select(all_of(c(""date"", group_vars_standard, ""cases_new"", ""cases_total"", ""deaths_new"", ""deaths_total"", ""recovered_new"", ""recovered_total"", ""hosp_new"", ""hosp_total"", ""tested_new"", ""tested_total"")), everything()) %>% arrange(.data$date, all_of(group_vars_standard[1])), arrange(., .data$date, all_of(group_vars_standard[1])), select(., all_of(c(""date"", 
        group_vars_standard, ""cases_new"", ""cases_total"", ""deaths_new"", ""deaths_total"", ""recovered_new"", ""recovered_total"", ""hosp_new"", ""hosp_total"", ""tested_new"", ""tested_total"")), everything()), complete_cumulative_columns(.), cumulative_col_names %in% colnames(data), colnames(data), is.data.frame(x), fill_empty_dates_with_na(.), data %>% complete(date = full_seq(data$date, period = 1), nesting(!!!syms(regions))), complete(., date = full_seq(data$date, period = 1), nesting(!!!syms(regions))), complete.grouped_df(., 
        date = full_seq(data$date, period = 1), nesting(!!!syms(regions))), dplyr::summarise(data, complete(data = dplyr::cur_data(), ..., fill = fill, explicit = explicit), .groups = ""keep""), summarise.grouped_df(data, complete(data = dplyr::cur_data(), ..., fill = fill, explicit = explicit), .groups = ""keep""), summarise_cols(.data, ..., caller_env = caller_env()), withCallingHandlers({
        for (i in seq_along(dots)) {
            mask$across_cache_reset()
            context_poke(""column"", old_current_column)
            quosures <- expand_across(dots[[i]])
            quosures_results <- vector(mode = ""list"", length = length(quosures))
            for (k in seq_along(quosures)) {
                quo <- quosures[[k]]
                quo_data <- attr(quo, ""dplyr:::data"")
                if (!is.null(quo_data$column)) {
                  context_poke(""column"", quo_data$column)
                }
                chunks_k <- mask$eval_all_summarise(quo)
                if (is.null(chunks_k)) {
                  next
                }
                types_k <- withCallingHandlers(vec_ptype_common(!!!chunks_k), vctrs_error_incompatible_type = function(cnd) {
                  abort(class = ""dplyr:::error_summarise_incompatible_combine"", parent = cnd)
                })
                chunks_k <- vec_cast_common(!!!chunks_k, .to = types_k)
                quosures_results[[k]] <- list(chunks = chunks_k, types = types_k)
            }
            for (k in seq_along(quosures)) {
                quo <- quosures[[k]]
                quo_data <- attr(quo, ""dplyr:::data"")
                quo_result <- quosures_results[[k]]
                if (is.null(quo_result)) {
                  next
                }
                types_k <- quo_result$types
                chunks_k <- quo_result$chunks
                if (!quo_data$is_named && is.data.frame(types_k)) {
                  chunks_extracted <- .Call(dplyr_extract_chunks, chunks_k, types_k)
                  walk2(chunks_extracted, names(types_k), function(chunks_k_j, nm) {
                    mask$add_one(nm, chunks_k_j)
                  })
                  chunks <- append(chunks, chunks_extracted)
                  types <- append(types, as.list(types_k))
                  out_names <- c(out_names, names(types_k))
                }
                else {
                  name <- quo_data$name_auto
                  mask$add_one(name, chunks_k)
                  chunks <- append(chunks, list(chunks_k))
                  types <- append(types, list(types_k))
                  out_names <- c(out_names, name)
                }
            }
        }
        recycle_info <- .Call(dplyr_summarise_recycle_chunks, chunks, mask$get_rows(), types)
        chunks <- recycle_info$chunks
        sizes <- recycle_info$sizes
        for (i in seq_along(chunks)) {
            result <- vec_c(!!!chunks[[i]], .ptype = types[[i]])
            cols[[out_names[i]]] <- result
        }
    }, error = function(e) {
        local_call_step(dots = dots, .index = i, .fn = ""summarise"", .dot_data = inherits(e, ""rlang_error_data_pronoun_not_found""))
        call_step <- peek_call_step()
        error_name <- call_step$error_name
        show_group_details <- TRUE
        if (inherits(e, ""dplyr:::error_summarise_incompatible_combine"")) {
            show_group_details <- FALSE
            bullets <- c(x = glue(""`{error_name}` must return compatible vectors across groups"", .envir = peek_call_step()), i = cnd_bullet_combine_details(e$parent$x, e$parent$x_arg), i = cnd_bullet_combine_details(e$parent$y, e$parent$y_arg))
        }
        else if (inherits(e, ""dplyr:::summarise_unsupported_type"")) {
            bullets <- c(x = glue(""`{error_name}` must be a vector, not {friendly_type_of(result)}."", result = e$result), i = cnd_bullet_rowwise_unlist())
        }
        else if (inherits(e, ""dplyr:::summarise_incompatible_size"")) {
            peek_mask()$set_current_group(e$group)
            bullets <- c(x = glue(""`{error_name}` must be size {or_1(expected_size)}, not {size}."", expected_size = e$expected_size, size = e$size), i = glue(""An earlier column had size {expected_size}."", expected_size = e$expected_size))
        }
        else if (inherits(e, ""dplyr:::summarise_mixed_null"")) {
            show_group_details <- FALSE
            bullets <- c(x = glue(""`{error_name}` must return compatible vectors across groups.""), i = ""Cannot combine NULL and non NULL results."")
        }
        else {
            bullets <- c(x = conditionMessage(e))
        }
        bullets <- c(cnd_bullet_header(), i = cnd_bullet_column_info(), bullets, i = if (show_group_details) cnd_bullet_cur_group_label())
        abort(bullets, class = ""dplyr_error"")
    }), mask$eval_all_summarise(quo), complete(data = dplyr::cur_data(), ..., fill = fill, explicit = explicit), complete.data.frame(data = dplyr::cur_data(), ..., fill = fill, explicit = explicit), expand(data, ...), expand.data.frame(data, ...), grid_dots(..., `_data` = data), eval_tidy(dot, data = mask), nesting(level_1_region, level_1_region_code), grid_dots(...), eval_tidy(dot, data = mask), .handleSimpleError(`<fn>`, ""object 'level_1_region' not found"", base::quote(eval_tidy(dot, data = mask))), 
    h(simpleError(msg, call)), abort(bullets, class = ""dplyr_error"")), parent = c(0, 0, 0, 0, 4, 5, 6, 7, 8, 9, 10, 0, 0, 0, 14, 14, 16, 0, 18, 0, 0, 21, 21, 23, 24, 24, 0, 0, 28, 28, 30, 31, 0, 33, 34, 0, 36, 37), visible = c(TRUE, TRUE, TRUE, TRUE, TRUE, TRUE, TRUE, TRUE, TRUE, TRUE, TRUE, TRUE, TRUE, TRUE, TRUE, TRUE, TRUE, TRUE, TRUE, TRUE, TRUE, TRUE, TRUE, TRUE, TRUE, TRUE, TRUE, TRUE, TRUE, TRUE, TRUE, TRUE, TRUE, TRUE, TRUE, TRUE, TRUE, FALSE), namespace = c(NA, ""base"", ""dplyr"", ""covidregionaldata"", 
""covidregionaldata"", NA, ""covidregionaldata"", NA, NA, ""covidregionaldata"", NA, ""dplyr"", ""dplyr"", ""covidregionaldata"", NA, ""base"", ""base"", ""covidregionaldata"", NA, ""tidyr"", ""tidyr"", ""dplyr"", ""dplyr"", ""dplyr"", ""base"", NA, ""tidyr"", ""tidyr"", ""tidyr"", ""tidyr"", ""tidyr"", ""rlang"", ""tidyr"", ""tidyr"", ""rlang"", ""base"", ""dplyr"", ""rlang""), scope = c(NA, ""::"", ""::"", ""::"", ""::"", NA, ""local"", NA, NA, "":::"", NA, ""::"", ""::"", "":::"", NA, ""::"", ""::"", "":::"", NA, ""::"", "":::"", ""::"", "":::"", "":::"", ""::"", NA, ""::"", "":::"", ""::"", 
"":::"", "":::"", ""::"", ""::"", "":::"", ""::"", ""::"", ""local"", ""::"")), parent = NULL, call = h(simpleError(msg, call)))"
_posts/national/colombia/colombia.Rmd,"list(message = ""Problem with `summarise()` input `..1`.\nℹ `..1 = complete(data = dplyr::cur_data(), ..., fill = fill, explicit = explicit)`.\n✖ object 'level_1_region' not found\nℹ The error occurred in group 1: level_1_region = \""Amazonas\"", level_1_region_code = \""CO-AMA\""."", trace = list(call = list(covidregionaldata::get_regional_data(country = ""Colombia"") %>% dplyr::select(sovereignt = departamento, iso_3166_2) %>% unique(), unique(.), dplyr::select(., sovereignt = departamento, iso_3166_2), 
    covidregionaldata::get_regional_data(country = ""Colombia""), initialise_dataclass(class = country, level = level, regions = regions, totals = totals, localise = localise, verbose = verbose, steps = steps, get = TRUE, type = ""regional"", ...), regionClass$new(level = level, totals = totals, localise = localise, verbose = verbose, steps = steps, regions = regions, get = get, ...), initialize(...), self$get(), self$process(), process_internal(clean_data = self$data$filtered, level = glue_level(self$level), 
        group_vars = region_vars, totals = self$totals, localise = self$localise, verbose = self$verbose, process_fns = self$process_fns), dat %>% drop_na(.data$date) %>% fill_empty_dates_with_na() %>% complete_cumulative_columns() %>% select(all_of(c(""date"", group_vars_standard, ""cases_new"", ""cases_total"", ""deaths_new"", ""deaths_total"", ""recovered_new"", ""recovered_total"", ""hosp_new"", ""hosp_total"", ""tested_new"", ""tested_total"")), everything()) %>% arrange(.data$date, all_of(group_vars_standard[1])), 
    arrange(., .data$date, all_of(group_vars_standard[1])), select(., all_of(c(""date"", group_vars_standard, ""cases_new"", ""cases_total"", ""deaths_new"", ""deaths_total"", ""recovered_new"", ""recovered_total"", ""hosp_new"", ""hosp_total"", ""tested_new"", ""tested_total"")), everything()), complete_cumulative_columns(.), cumulative_col_names %in% colnames(data), colnames(data), is.data.frame(x), fill_empty_dates_with_na(.), data %>% complete(date = full_seq(data$date, period = 1), nesting(!!!syms(regions))), complete(., 
        date = full_seq(data$date, period = 1), nesting(!!!syms(regions))), complete.grouped_df(., date = full_seq(data$date, period = 1), nesting(!!!syms(regions))), dplyr::summarise(data, complete(data = dplyr::cur_data(), ..., fill = fill, explicit = explicit), .groups = ""keep""), summarise.grouped_df(data, complete(data = dplyr::cur_data(), ..., fill = fill, explicit = explicit), .groups = ""keep""), summarise_cols(.data, ..., caller_env = caller_env()), withCallingHandlers({
        for (i in seq_along(dots)) {
            mask$across_cache_reset()
            context_poke(""column"", old_current_column)
            quosures <- expand_across(dots[[i]])
            quosures_results <- vector(mode = ""list"", length = length(quosures))
            for (k in seq_along(quosures)) {
                quo <- quosures[[k]]
                quo_data <- attr(quo, ""dplyr:::data"")
                if (!is.null(quo_data$column)) {
                  context_poke(""column"", quo_data$column)
                }
                chunks_k <- mask$eval_all_summarise(quo)
                if (is.null(chunks_k)) {
                  next
                }
                types_k <- withCallingHandlers(vec_ptype_common(!!!chunks_k), vctrs_error_incompatible_type = function(cnd) {
                  abort(class = ""dplyr:::error_summarise_incompatible_combine"", parent = cnd)
                })
                chunks_k <- vec_cast_common(!!!chunks_k, .to = types_k)
                quosures_results[[k]] <- list(chunks = chunks_k, types = types_k)
            }
            for (k in seq_along(quosures)) {
                quo <- quosures[[k]]
                quo_data <- attr(quo, ""dplyr:::data"")
                quo_result <- quosures_results[[k]]
                if (is.null(quo_result)) {
                  next
                }
                types_k <- quo_result$types
                chunks_k <- quo_result$chunks
                if (!quo_data$is_named && is.data.frame(types_k)) {
                  chunks_extracted <- .Call(dplyr_extract_chunks, chunks_k, types_k)
                  walk2(chunks_extracted, names(types_k), function(chunks_k_j, nm) {
                    mask$add_one(nm, chunks_k_j)
                  })
                  chunks <- append(chunks, chunks_extracted)
                  types <- append(types, as.list(types_k))
                  out_names <- c(out_names, names(types_k))
                }
                else {
                  name <- quo_data$name_auto
                  mask$add_one(name, chunks_k)
                  chunks <- append(chunks, list(chunks_k))
                  types <- append(types, list(types_k))
                  out_names <- c(out_names, name)
                }
            }
        }
        recycle_info <- .Call(dplyr_summarise_recycle_chunks, chunks, mask$get_rows(), types)
        chunks <- recycle_info$chunks
        sizes <- recycle_info$sizes
        for (i in seq_along(chunks)) {
            result <- vec_c(!!!chunks[[i]], .ptype = types[[i]])
            cols[[out_names[i]]] <- result
        }
    }, error = function(e) {
        local_call_step(dots = dots, .index = i, .fn = ""summarise"", .dot_data = inherits(e, ""rlang_error_data_pronoun_not_found""))
        call_step <- peek_call_step()
        error_name <- call_step$error_name
        show_group_details <- TRUE
        if (inherits(e, ""dplyr:::error_summarise_incompatible_combine"")) {
            show_group_details <- FALSE
            bullets <- c(x = glue(""`{error_name}` must return compatible vectors across groups"", .envir = peek_call_step()), i = cnd_bullet_combine_details(e$parent$x, e$parent$x_arg), i = cnd_bullet_combine_details(e$parent$y, e$parent$y_arg))
        }
        else if (inherits(e, ""dplyr:::summarise_unsupported_type"")) {
            bullets <- c(x = glue(""`{error_name}` must be a vector, not {friendly_type_of(result)}."", result = e$result), i = cnd_bullet_rowwise_unlist())
        }
        else if (inherits(e, ""dplyr:::summarise_incompatible_size"")) {
            peek_mask()$set_current_group(e$group)
            bullets <- c(x = glue(""`{error_name}` must be size {or_1(expected_size)}, not {size}."", expected_size = e$expected_size, size = e$size), i = glue(""An earlier column had size {expected_size}."", expected_size = e$expected_size))
        }
        else if (inherits(e, ""dplyr:::summarise_mixed_null"")) {
            show_group_details <- FALSE
            bullets <- c(x = glue(""`{error_name}` must return compatible vectors across groups.""), i = ""Cannot combine NULL and non NULL results."")
        }
        else {
            bullets <- c(x = conditionMessage(e))
        }
        bullets <- c(cnd_bullet_header(), i = cnd_bullet_column_info(), bullets, i = if (show_group_details) cnd_bullet_cur_group_label())
        abort(bullets, class = ""dplyr_error"")
    }), mask$eval_all_summarise(quo), complete(data = dplyr::cur_data(), ..., fill = fill, explicit = explicit), complete.data.frame(data = dplyr::cur_data(), ..., fill = fill, explicit = explicit), expand(data, ...), expand.data.frame(data, ...), grid_dots(..., `_data` = data), eval_tidy(dot, data = mask), nesting(level_1_region, level_1_region_code), grid_dots(...), eval_tidy(dot, data = mask), .handleSimpleError(`<fn>`, ""object 'level_1_region' not found"", base::quote(eval_tidy(dot, data = mask))), 
    h(simpleError(msg, call)), abort(bullets, class = ""dplyr_error"")), parent = c(0, 0, 0, 0, 4, 5, 6, 7, 8, 9, 10, 0, 0, 0, 14, 14, 16, 0, 18, 0, 0, 21, 21, 23, 24, 24, 0, 0, 28, 28, 30, 31, 0, 33, 34, 0, 36, 37), visible = c(TRUE, TRUE, TRUE, TRUE, TRUE, TRUE, TRUE, TRUE, TRUE, TRUE, TRUE, TRUE, TRUE, TRUE, TRUE, TRUE, TRUE, TRUE, TRUE, TRUE, TRUE, TRUE, TRUE, TRUE, TRUE, TRUE, TRUE, TRUE, TRUE, TRUE, TRUE, TRUE, TRUE, TRUE, TRUE, TRUE, TRUE, FALSE), namespace = c(NA, ""base"", ""dplyr"", ""covidregionaldata"", 
""covidregionaldata"", NA, ""covidregionaldata"", NA, NA, ""covidregionaldata"", NA, ""dplyr"", ""dplyr"", ""covidregionaldata"", NA, ""base"", ""base"", ""covidregionaldata"", NA, ""tidyr"", ""tidyr"", ""dplyr"", ""dplyr"", ""dplyr"", ""base"", NA, ""tidyr"", ""tidyr"", ""tidyr"", ""tidyr"", ""tidyr"", ""rlang"", ""tidyr"", ""tidyr"", ""rlang"", ""base"", ""dplyr"", ""rlang""), scope = c(NA, ""::"", ""::"", ""::"", ""::"", NA, ""local"", NA, NA, "":::"", NA, ""::"", ""::"", "":::"", NA, ""::"", ""::"", "":::"", NA, ""::"", "":::"", ""::"", "":::"", "":::"", ""::"", NA, ""::"", "":::"", ""::"", 
"":::"", "":::"", ""::"", ""::"", "":::"", ""::"", ""::"", ""local"", ""::"")), parent = NULL, call = h(simpleError(msg, call)))"
_posts/national/germany/germany.Rmd,"list(message = ""Problem with `summarise()` input `..1`.\nℹ `..1 = complete(data = dplyr::cur_data(), ..., fill = fill, explicit = explicit)`.\n✖ object 'level_1_region' not found\nℹ The error occurred in group 1: level_1_region = \""Baden-Württemberg\"", level_1_region_code = \""DE-BW\""."", trace = list(call = list(covidregionaldata::get_regional_data(country = ""Germany"") %>% dplyr::select(sovereignt = bundesland, iso_3166_2) %>% unique(), unique(.), dplyr::select(., sovereignt = bundesland, iso_3166_2), 
    covidregionaldata::get_regional_data(country = ""Germany""), initialise_dataclass(class = country, level = level, regions = regions, totals = totals, localise = localise, verbose = verbose, steps = steps, get = TRUE, type = ""regional"", ...), regionClass$new(level = level, totals = totals, localise = localise, verbose = verbose, steps = steps, regions = regions, get = get, ...), initialize(...), self$get(), self$process(), process_internal(clean_data = self$data$filtered, level = glue_level(self$level), 
        group_vars = region_vars, totals = self$totals, localise = self$localise, verbose = self$verbose, process_fns = self$process_fns), dat %>% drop_na(.data$date) %>% fill_empty_dates_with_na() %>% complete_cumulative_columns() %>% select(all_of(c(""date"", group_vars_standard, ""cases_new"", ""cases_total"", ""deaths_new"", ""deaths_total"", ""recovered_new"", ""recovered_total"", ""hosp_new"", ""hosp_total"", ""tested_new"", ""tested_total"")), everything()) %>% arrange(.data$date, all_of(group_vars_standard[1])), 
    arrange(., .data$date, all_of(group_vars_standard[1])), select(., all_of(c(""date"", group_vars_standard, ""cases_new"", ""cases_total"", ""deaths_new"", ""deaths_total"", ""recovered_new"", ""recovered_total"", ""hosp_new"", ""hosp_total"", ""tested_new"", ""tested_total"")), everything()), complete_cumulative_columns(.), cumulative_col_names %in% colnames(data), colnames(data), is.data.frame(x), fill_empty_dates_with_na(.), data %>% complete(date = full_seq(data$date, period = 1), nesting(!!!syms(regions))), complete(., 
        date = full_seq(data$date, period = 1), nesting(!!!syms(regions))), complete.grouped_df(., date = full_seq(data$date, period = 1), nesting(!!!syms(regions))), dplyr::summarise(data, complete(data = dplyr::cur_data(), ..., fill = fill, explicit = explicit), .groups = ""keep""), summarise.grouped_df(data, complete(data = dplyr::cur_data(), ..., fill = fill, explicit = explicit), .groups = ""keep""), summarise_cols(.data, ..., caller_env = caller_env()), withCallingHandlers({
        for (i in seq_along(dots)) {
            mask$across_cache_reset()
            context_poke(""column"", old_current_column)
            quosures <- expand_across(dots[[i]])
            quosures_results <- vector(mode = ""list"", length = length(quosures))
            for (k in seq_along(quosures)) {
                quo <- quosures[[k]]
                quo_data <- attr(quo, ""dplyr:::data"")
                if (!is.null(quo_data$column)) {
                  context_poke(""column"", quo_data$column)
                }
                chunks_k <- mask$eval_all_summarise(quo)
                if (is.null(chunks_k)) {
                  next
                }
                types_k <- withCallingHandlers(vec_ptype_common(!!!chunks_k), vctrs_error_incompatible_type = function(cnd) {
                  abort(class = ""dplyr:::error_summarise_incompatible_combine"", parent = cnd)
                })
                chunks_k <- vec_cast_common(!!!chunks_k, .to = types_k)
                quosures_results[[k]] <- list(chunks = chunks_k, types = types_k)
            }
            for (k in seq_along(quosures)) {
                quo <- quosures[[k]]
                quo_data <- attr(quo, ""dplyr:::data"")
                quo_result <- quosures_results[[k]]
                if (is.null(quo_result)) {
                  next
                }
                types_k <- quo_result$types
                chunks_k <- quo_result$chunks
                if (!quo_data$is_named && is.data.frame(types_k)) {
                  chunks_extracted <- .Call(dplyr_extract_chunks, chunks_k, types_k)
                  walk2(chunks_extracted, names(types_k), function(chunks_k_j, nm) {
                    mask$add_one(nm, chunks_k_j)
                  })
                  chunks <- append(chunks, chunks_extracted)
                  types <- append(types, as.list(types_k))
                  out_names <- c(out_names, names(types_k))
                }
                else {
                  name <- quo_data$name_auto
                  mask$add_one(name, chunks_k)
                  chunks <- append(chunks, list(chunks_k))
                  types <- append(types, list(types_k))
                  out_names <- c(out_names, name)
                }
            }
        }
        recycle_info <- .Call(dplyr_summarise_recycle_chunks, chunks, mask$get_rows(), types)
        chunks <- recycle_info$chunks
        sizes <- recycle_info$sizes
        for (i in seq_along(chunks)) {
            result <- vec_c(!!!chunks[[i]], .ptype = types[[i]])
            cols[[out_names[i]]] <- result
        }
    }, error = function(e) {
        local_call_step(dots = dots, .index = i, .fn = ""summarise"", .dot_data = inherits(e, ""rlang_error_data_pronoun_not_found""))
        call_step <- peek_call_step()
        error_name <- call_step$error_name
        show_group_details <- TRUE
        if (inherits(e, ""dplyr:::error_summarise_incompatible_combine"")) {
            show_group_details <- FALSE
            bullets <- c(x = glue(""`{error_name}` must return compatible vectors across groups"", .envir = peek_call_step()), i = cnd_bullet_combine_details(e$parent$x, e$parent$x_arg), i = cnd_bullet_combine_details(e$parent$y, e$parent$y_arg))
        }
        else if (inherits(e, ""dplyr:::summarise_unsupported_type"")) {
            bullets <- c(x = glue(""`{error_name}` must be a vector, not {friendly_type_of(result)}."", result = e$result), i = cnd_bullet_rowwise_unlist())
        }
        else if (inherits(e, ""dplyr:::summarise_incompatible_size"")) {
            peek_mask()$set_current_group(e$group)
            bullets <- c(x = glue(""`{error_name}` must be size {or_1(expected_size)}, not {size}."", expected_size = e$expected_size, size = e$size), i = glue(""An earlier column had size {expected_size}."", expected_size = e$expected_size))
        }
        else if (inherits(e, ""dplyr:::summarise_mixed_null"")) {
            show_group_details <- FALSE
            bullets <- c(x = glue(""`{error_name}` must return compatible vectors across groups.""), i = ""Cannot combine NULL and non NULL results."")
        }
        else {
            bullets <- c(x = conditionMessage(e))
        }
        bullets <- c(cnd_bullet_header(), i = cnd_bullet_column_info(), bullets, i = if (show_group_details) cnd_bullet_cur_group_label())
        abort(bullets, class = ""dplyr_error"")
    }), mask$eval_all_summarise(quo), complete(data = dplyr::cur_data(), ..., fill = fill, explicit = explicit), complete.data.frame(data = dplyr::cur_data(), ..., fill = fill, explicit = explicit), expand(data, ...), expand.data.frame(data, ...), grid_dots(..., `_data` = data), eval_tidy(dot, data = mask), nesting(level_1_region, level_1_region_code), grid_dots(...), eval_tidy(dot, data = mask), .handleSimpleError(`<fn>`, ""object 'level_1_region' not found"", base::quote(eval_tidy(dot, data = mask))), 
    h(simpleError(msg, call)), abort(bullets, class = ""dplyr_error"")), parent = c(0, 0, 0, 0, 4, 5, 6, 7, 8, 9, 10, 0, 0, 0, 14, 14, 16, 0, 18, 0, 0, 21, 21, 23, 24, 24, 0, 0, 28, 28, 30, 31, 0, 33, 34, 0, 36, 37), visible = c(TRUE, TRUE, TRUE, TRUE, TRUE, TRUE, TRUE, TRUE, TRUE, TRUE, TRUE, TRUE, TRUE, TRUE, TRUE, TRUE, TRUE, TRUE, TRUE, TRUE, TRUE, TRUE, TRUE, TRUE, TRUE, TRUE, TRUE, TRUE, TRUE, TRUE, TRUE, TRUE, TRUE, TRUE, TRUE, TRUE, TRUE, FALSE), namespace = c(NA, ""base"", ""dplyr"", ""covidregionaldata"", 
""covidregionaldata"", NA, ""covidregionaldata"", NA, NA, ""covidregionaldata"", NA, ""dplyr"", ""dplyr"", ""covidregionaldata"", NA, ""base"", ""base"", ""covidregionaldata"", NA, ""tidyr"", ""tidyr"", ""dplyr"", ""dplyr"", ""dplyr"", ""base"", NA, ""tidyr"", ""tidyr"", ""tidyr"", ""tidyr"", ""tidyr"", ""rlang"", ""tidyr"", ""tidyr"", ""rlang"", ""base"", ""dplyr"", ""rlang""), scope = c(NA, ""::"", ""::"", ""::"", ""::"", NA, ""local"", NA, NA, "":::"", NA, ""::"", ""::"", "":::"", NA, ""::"", ""::"", "":::"", NA, ""::"", "":::"", ""::"", "":::"", "":::"", ""::"", NA, ""::"", "":::"", ""::"", 
"":::"", "":::"", ""::"", ""::"", "":::"", ""::"", ""::"", ""local"", ""::"")), parent = NULL, call = h(simpleError(msg, call)))"
_posts/national/india/india.Rmd,"list(message = ""Extra content at the end of the document [5]"", call = read_xml.character(rss_path))"
_posts/national/italy/italy.Rmd,"list(message = ""Extra content at the end of the document [5]"", call = read_xml.character(rss_path))"
_posts/national/south-africa/south-africa.Rmd,"list(message = ""Problem with `summarise()` input `..1`.\nℹ `..1 = complete(data = dplyr::cur_data(), ..., fill = fill, explicit = explicit)`.\n✖ object 'level_1_region_code' not found\nℹ The error occurred in group 1: level_1_region = \""Eastern Cape\"", level_1_region_code = \""ZA-EC\""."", trace = list(call = list(covidregionaldata::get_regional_data(country = ""South Africa"") %>% dplyr::filter(!is.na(province)) %>% dplyr::select(province, iso_3166_2) %>% dplyr::mutate(iso_3166_2 = dplyr::recode(iso_3166_2, 
    `ZA-GP` = ""ZA-GT"", `ZA-KZN` = ""ZA-NL"")) %>% unique(), unique(.), dplyr::mutate(., iso_3166_2 = dplyr::recode(iso_3166_2, `ZA-GP` = ""ZA-GT"", `ZA-KZN` = ""ZA-NL"")), dplyr::select(., province, iso_3166_2), dplyr::filter(., !is.na(province)), covidregionaldata::get_regional_data(country = ""South Africa""), initialise_dataclass(class = country, level = level, regions = regions, totals = totals, localise = localise, verbose = verbose, steps = steps, get = TRUE, type = ""regional"", ...), regionClass$new(level = level, 
    totals = totals, localise = localise, verbose = verbose, steps = steps, regions = regions, get = get, ...), initialize(...), self$get(), self$process(), process_internal(clean_data = self$data$filtered, level = glue_level(self$level), group_vars = region_vars, totals = self$totals, localise = self$localise, verbose = self$verbose, process_fns = self$process_fns), dat %>% drop_na(.data$date) %>% fill_empty_dates_with_na() %>% complete_cumulative_columns() %>% select(all_of(c(""date"", group_vars_standard, 
    ""cases_new"", ""cases_total"", ""deaths_new"", ""deaths_total"", ""recovered_new"", ""recovered_total"", ""hosp_new"", ""hosp_total"", ""tested_new"", ""tested_total"")), everything()) %>% arrange(.data$date, all_of(group_vars_standard[1])), arrange(., .data$date, all_of(group_vars_standard[1])), select(., all_of(c(""date"", group_vars_standard, ""cases_new"", ""cases_total"", ""deaths_new"", ""deaths_total"", ""recovered_new"", ""recovered_total"", ""hosp_new"", ""hosp_total"", ""tested_new"", ""tested_total"")), everything()), complete_cumulative_columns(.), 
    cumulative_col_names %in% colnames(data), colnames(data), is.data.frame(x), fill_empty_dates_with_na(.), data %>% complete(date = full_seq(data$date, period = 1), nesting(!!!syms(regions))), complete(., date = full_seq(data$date, period = 1), nesting(!!!syms(regions))), complete.grouped_df(., date = full_seq(data$date, period = 1), nesting(!!!syms(regions))), dplyr::summarise(data, complete(data = dplyr::cur_data(), ..., fill = fill, explicit = explicit), .groups = ""keep""), summarise.grouped_df(data, 
        complete(data = dplyr::cur_data(), ..., fill = fill, explicit = explicit), .groups = ""keep""), summarise_cols(.data, ..., caller_env = caller_env()), withCallingHandlers({
        for (i in seq_along(dots)) {
            mask$across_cache_reset()
            context_poke(""column"", old_current_column)
            quosures <- expand_across(dots[[i]])
            quosures_results <- vector(mode = ""list"", length = length(quosures))
            for (k in seq_along(quosures)) {
                quo <- quosures[[k]]
                quo_data <- attr(quo, ""dplyr:::data"")
                if (!is.null(quo_data$column)) {
                  context_poke(""column"", quo_data$column)
                }
                chunks_k <- mask$eval_all_summarise(quo)
                if (is.null(chunks_k)) {
                  next
                }
                types_k <- withCallingHandlers(vec_ptype_common(!!!chunks_k), vctrs_error_incompatible_type = function(cnd) {
                  abort(class = ""dplyr:::error_summarise_incompatible_combine"", parent = cnd)
                })
                chunks_k <- vec_cast_common(!!!chunks_k, .to = types_k)
                quosures_results[[k]] <- list(chunks = chunks_k, types = types_k)
            }
            for (k in seq_along(quosures)) {
                quo <- quosures[[k]]
                quo_data <- attr(quo, ""dplyr:::data"")
                quo_result <- quosures_results[[k]]
                if (is.null(quo_result)) {
                  next
                }
                types_k <- quo_result$types
                chunks_k <- quo_result$chunks
                if (!quo_data$is_named && is.data.frame(types_k)) {
                  chunks_extracted <- .Call(dplyr_extract_chunks, chunks_k, types_k)
                  walk2(chunks_extracted, names(types_k), function(chunks_k_j, nm) {
                    mask$add_one(nm, chunks_k_j)
                  })
                  chunks <- append(chunks, chunks_extracted)
                  types <- append(types, as.list(types_k))
                  out_names <- c(out_names, names(types_k))
                }
                else {
                  name <- quo_data$name_auto
                  mask$add_one(name, chunks_k)
                  chunks <- append(chunks, list(chunks_k))
                  types <- append(types, list(types_k))
                  out_names <- c(out_names, name)
                }
            }
        }
        recycle_info <- .Call(dplyr_summarise_recycle_chunks, chunks, mask$get_rows(), types)
        chunks <- recycle_info$chunks
        sizes <- recycle_info$sizes
        for (i in seq_along(chunks)) {
            result <- vec_c(!!!chunks[[i]], .ptype = types[[i]])
            cols[[out_names[i]]] <- result
        }
    }, error = function(e) {
        local_call_step(dots = dots, .index = i, .fn = ""summarise"", .dot_data = inherits(e, ""rlang_error_data_pronoun_not_found""))
        call_step <- peek_call_step()
        error_name <- call_step$error_name
        show_group_details <- TRUE
        if (inherits(e, ""dplyr:::error_summarise_incompatible_combine"")) {
            show_group_details <- FALSE
            bullets <- c(x = glue(""`{error_name}` must return compatible vectors across groups"", .envir = peek_call_step()), i = cnd_bullet_combine_details(e$parent$x, e$parent$x_arg), i = cnd_bullet_combine_details(e$parent$y, e$parent$y_arg))
        }
        else if (inherits(e, ""dplyr:::summarise_unsupported_type"")) {
            bullets <- c(x = glue(""`{error_name}` must be a vector, not {friendly_type_of(result)}."", result = e$result), i = cnd_bullet_rowwise_unlist())
        }
        else if (inherits(e, ""dplyr:::summarise_incompatible_size"")) {
            peek_mask()$set_current_group(e$group)
            bullets <- c(x = glue(""`{error_name}` must be size {or_1(expected_size)}, not {size}."", expected_size = e$expected_size, size = e$size), i = glue(""An earlier column had size {expected_size}."", expected_size = e$expected_size))
        }
        else if (inherits(e, ""dplyr:::summarise_mixed_null"")) {
            show_group_details <- FALSE
            bullets <- c(x = glue(""`{error_name}` must return compatible vectors across groups.""), i = ""Cannot combine NULL and non NULL results."")
        }
        else {
            bullets <- c(x = conditionMessage(e))
        }
        bullets <- c(cnd_bullet_header(), i = cnd_bullet_column_info(), bullets, i = if (show_group_details) cnd_bullet_cur_group_label())
        abort(bullets, class = ""dplyr_error"")
    }), mask$eval_all_summarise(quo), complete(data = dplyr::cur_data(), ..., fill = fill, explicit = explicit), complete.data.frame(data = dplyr::cur_data(), ..., fill = fill, explicit = explicit), expand(data, ...), expand.data.frame(data, ...), grid_dots(..., `_data` = data), eval_tidy(dot, data = mask), nesting(level_1_region_code, level_1_region), grid_dots(...), eval_tidy(dot, data = mask), .handleSimpleError(`<fn>`, ""object 'level_1_region_code' not found"", base::quote(eval_tidy(dot, data = mask))), 
    h(simpleError(msg, call)), abort(bullets, class = ""dplyr_error"")), parent = c(0, 0, 0, 0, 0, 0, 6, 7, 8, 9, 10, 11, 12, 0, 0, 0, 16, 16, 18, 0, 20, 0, 0, 23, 23, 25, 26, 26, 0, 0, 30, 30, 32, 33, 0, 35, 36, 0, 38, 39), visible = c(TRUE, TRUE, TRUE, TRUE, TRUE, TRUE, TRUE, TRUE, TRUE, TRUE, TRUE, TRUE, TRUE, TRUE, TRUE, TRUE, TRUE, TRUE, TRUE, TRUE, TRUE, TRUE, TRUE, TRUE, TRUE, TRUE, TRUE, TRUE, TRUE, TRUE, TRUE, TRUE, TRUE, TRUE, TRUE, TRUE, TRUE, TRUE, TRUE, FALSE), namespace = c(NA, ""base"", 
""dplyr"", ""dplyr"", ""dplyr"", ""covidregionaldata"", ""covidregionaldata"", NA, ""covidregionaldata"", NA, NA, ""covidregionaldata"", NA, ""dplyr"", ""dplyr"", ""covidregionaldata"", NA, ""base"", ""base"", ""covidregionaldata"", NA, ""tidyr"", ""tidyr"", ""dplyr"", ""dplyr"", ""dplyr"", ""base"", NA, ""tidyr"", ""tidyr"", ""tidyr"", ""tidyr"", ""tidyr"", ""rlang"", ""tidyr"", ""tidyr"", ""rlang"", ""base"", ""dplyr"", ""rlang""), scope = c(NA, ""::"", ""::"", ""::"", ""::"", ""::"", ""::"", NA, ""local"", NA, NA, "":::"", NA, ""::"", ""::"", "":::"", NA, ""::"", ""::"", "":::"", NA, 
""::"", "":::"", ""::"", "":::"", "":::"", ""::"", NA, ""::"", "":::"", ""::"", "":::"", "":::"", ""::"", ""::"", "":::"", ""::"", ""::"", ""local"", ""::"")), parent = NULL, call = h(simpleError(msg, call)))"
_posts/national/united-kingdom/united-kingdom.Rmd,"list(message = ""Extra content at the end of the document [5]"", call = read_xml.character(rss_path))"
_posts/national/united-states/united-states.Rmd,"list(message = ""Extra content at the end of the document [5]"", call = read_xml.character(rss_path))"
_posts/national/vietnam/vietnam.Rmd,"list(message = ""Timeout was reached: [covid19.ncsc.gov.vn] Connection timed out after 10000 milliseconds"", call = open.connection(con, ""rb""))"
